Bracket,Team_1,Team_2,Team_1_Win,Team_2_Win,Draw,Team_1_Score,Team_2_Score
2023 Semester 2 Social Sports - Netball - Tuesday Netball - Division 2,FUJI7,FUJI7,0.465,0.46875,0.06625,19.4885,19.5115
2023 Semester 2 Social Sports - Netball - Tuesday Netball - Division 2,FUJI7,That Wasn't Stepping,0.006,0.99125,0.00275,13.0575,29.94725
2023 Semester 2 Social Sports - Netball - Tuesday Netball - Division 2,FUJI7,Yee Haw,0.73975,0.21775,0.0425,19.53525,14.98425
2023 Semester 2 Social Sports - Netball - Tuesday Netball - Division 2,FUJI7,nets to nothing,0.01225,0.9825,0.00525,12.29,26.973
2023 Semester 2 Social Sports - Netball - Tuesday Netball - Division 2,FUJI7,Scots Tots,0.20875,0.74175,0.0495,16.5515,21.33875
2023 Semester 2 Social Sports - Netball - Tuesday Netball - Division 2,FUJI7,oh god dont shoot,0.00825,0.987,0.00475,13.34875,29.84175
2023 Semester 2 Social Sports - Netball - Tuesday Netball - Division 2,FUJI7,Ballin on those throws,0.33125,0.61,0.05875,17.4445,19.8335
2023 Semester 2 Social Sports - Netball - Tuesday Netball - Division 2,FUJI7,Daddy Chaddy Fan Squad,0.22275,0.7275,0.04975,15.6445,20.14325
2023 Semester 2 Social Sports - Netball - Tuesday Netball - Division 2,That Wasn't Stepping,FUJI7,0.98725,0.0095,0.00325,29.77375,13.203
2023 Semester 2 Social Sports - Netball - Tuesday Netball - Division 2,That Wasn't Stepping,That Wasn't Stepping,0.46625,0.4725,0.06125,20.17675,20.1315
2023 Semester 2 Social Sports - Netball - Tuesday Netball - Division 2,That Wasn't Stepping,Yee Haw,0.999,0.00075,0.00025,30.079,10.00425
2023 Semester 2 Social Sports - Netball - Tuesday Netball - Division 2,That Wasn't Stepping,nets to nothing,0.51575,0.4245,0.05975,18.8225,18.16475
2023 Semester 2 Social Sports - Netball - Tuesday Netball - Division 2,That Wasn't Stepping,Scots Tots,0.93825,0.043,0.01875,25.43925,14.5275
2023 Semester 2 Social Sports - Netball - Tuesday Netball - Division 2,That Wasn't Stepping,oh god dont shoot,0.492,0.457,0.051,20.48725,20.22325
2023 Semester 2 Social Sports - Netball - Tuesday Netball - Division 2,That Wasn't Stepping,Ballin on those throws,0.97175,0.0205,0.00775,26.8195,13.52325
2023 Semester 2 Social Sports - Netball - Tuesday Netball - Division 2,That Wasn't Stepping,Daddy Chaddy Fan Squad,0.93,0.05125,0.01875,23.9255,13.81725
2023 Semester 2 Social Sports - Netball - Tuesday Netball - Division 2,Yee Haw,FUJI7,0.214,0.73575,0.05025,14.95775,19.60775
2023 Semester 2 Social Sports - Netball - Tuesday Netball - Division 2,Yee Haw,That Wasn't Stepping,0.001,0.99775,0.00125,10.13625,30.1375
2023 Semester 2 Social Sports - Netball - Tuesday Netball - Division 2,Yee Haw,Yee Haw,0.45625,0.463,0.08075,15.05575,15.14025
2023 Semester 2 Social Sports - Netball - Tuesday Netball - Division 2,Yee Haw,nets to nothing,0.00075,0.9985,0.00075,9.3805,27.2955
2023 Semester 2 Social Sports - Netball - Tuesday Netball - Division 2,Yee Haw,Scots Tots,0.0705,0.9075,0.022,12.61525,21.488
2023 Semester 2 Social Sports - Netball - Tuesday Netball - Division 2,Yee Haw,oh god dont shoot,0.0015,0.998,0.0005,10.304,30.2205
2023 Semester 2 Social Sports - Netball - Tuesday Netball - Division 2,Yee Haw,Ballin on those throws,0.126,0.83775,0.03625,13.41825,20.05675
2023 Semester 2 Social Sports - Netball - Tuesday Netball - Division 2,Yee Haw,Daddy Chaddy Fan Squad,0.0715,0.8995,0.029,11.93025,20.284
2023 Semester 2 Social Sports - Netball - Tuesday Netball - Division 2,nets to nothing,FUJI7,0.98725,0.0095,0.00325,27.07975,12.33675
2023 Semester 2 Social Sports - Netball - Tuesday Netball - Division 2,nets to nothing,That Wasn't Stepping,0.4405,0.504,0.0555,18.30075,18.79175
2023 Semester 2 Social Sports - Netball - Tuesday Netball - Division 2,nets to nothing,Yee Haw,0.995,0.00225,0.00275,27.155,9.5345
2023 Semester 2 Social Sports - Netball - Tuesday Netball - Division 2,nets to nothing,nets to nothing,0.46225,0.46825,0.0695,17.01175,17.00325
2023 Semester 2 Social Sports - Netball - Tuesday Netball - Division 2,nets to nothing,Scots Tots,0.9155,0.06225,0.02225,23.00425,13.367
2023 Semester 2 Social Sports - Netball - Tuesday Netball - Division 2,nets to nothing,oh god dont shoot,0.46875,0.475,0.05625,18.59375,18.72875
2023 Semester 2 Social Sports - Netball - Tuesday Netball - Division 2,nets to nothing,Ballin on those throws,0.9545,0.03275,0.01275,24.2335,12.532
2023 Semester 2 Social Sports - Netball - Tuesday Netball - Division 2,nets to nothing,Daddy Chaddy Fan Squad,0.9115,0.066,0.0225,21.59325,12.5905
2023 Semester 2 Social Sports - Netball - Tuesday Netball - Division 2,Scots Tots,FUJI7,0.744,0.20875,0.04725,21.381,16.55575
2023 Semester 2 Social Sports - Netball - Tuesday Netball - Division 2,Scots Tots,That Wasn't Stepping,0.04325,0.94325,0.0135,14.50575,25.3385
2023 Semester 2 Social Sports - Netball - Tuesday Netball - Division 2,Scots Tots,Yee Haw,0.91025,0.06925,0.0205,21.55725,12.696
2023 Semester 2 Social Sports - Netball - Tuesday Netball - Division 2,Scots Tots,nets to nothing,0.05375,0.925,0.02125,13.35875,23.1355
2023 Semester 2 Social Sports - Netball - Tuesday Netball - Division 2,Scots Tots,Scots Tots,0.4575,0.46975,0.07275,18.03675,18.21225
2023 Semester 2 Social Sports - Netball - Tuesday Netball - Division 2,Scots Tots,oh god dont shoot,0.053,0.9305,0.0165,14.80475,25.551
2023 Semester 2 Social Sports - Netball - Tuesday Netball - Division 2,Scots Tots,Ballin on those throws,0.59725,0.332,0.07075,19.0975,16.91275
2023 Semester 2 Social Sports - Netball - Tuesday Netball - Division 2,Scots Tots,Daddy Chaddy Fan Squad,0.46675,0.46825,0.065,17.20225,17.22675
2023 Semester 2 Social Sports - Netball - Tuesday Netball - Division 2,oh god dont shoot,FUJI7,0.9895,0.0085,0.002,29.8645,13.40425
2023 Semester 2 Social Sports - Netball - Tuesday Netball - Division 2,oh god dont shoot,That Wasn't Stepping,0.43575,0.50775,0.0565,20.13525,20.61475
2023 Semester 2 Social Sports - Netball - Tuesday Netball - Division 2,oh god dont shoot,Yee Haw,0.99775,0.00125,0.001,30.07325,10.3365
2023 Semester 2 Social Sports - Netball - Tuesday Netball - Division 2,oh god dont shoot,nets to nothing,0.4695,0.47375,0.05675,18.635,18.6575
2023 Semester 2 Social Sports - Netball - Tuesday Netball - Division 2,oh god dont shoot,Scots Tots,0.92825,0.0485,0.02325,25.47375,14.83475
2023 Semester 2 Social Sports - Netball - Tuesday Netball - Division 2,oh god dont shoot,oh god dont shoot,0.482,0.45875,0.05925,20.762,20.595
2023 Semester 2 Social Sports - Netball - Tuesday Netball - Division 2,oh god dont shoot,Ballin on those throws,0.96975,0.023,0.00725,26.71625,13.7415
2023 Semester 2 Social Sports - Netball - Tuesday Netball - Division 2,oh god dont shoot,Daddy Chaddy Fan Squad,0.92075,0.06,0.01925,23.9185,13.95425
2023 Semester 2 Social Sports - Netball - Tuesday Netball - Division 2,Ballin on those throws,FUJI7,0.60925,0.3325,0.05825,19.81375,17.4375
2023 Semester 2 Social Sports - Netball - Tuesday Netball - Division 2,Ballin on those throws,That Wasn't Stepping,0.0205,0.97075,0.00875,13.4435,26.852
2023 Semester 2 Social Sports - Netball - Tuesday Netball - Division 2,Ballin on those throws,Yee Haw,0.83775,0.128,0.03425,20.08425,13.412
2023 Semester 2 Social Sports - Netball - Tuesday Netball - Division 2,Ballin on those throws,nets to nothing,0.0295,0.9595,0.011,12.46325,24.306
2023 Semester 2 Social Sports - Netball - Tuesday Netball - Division 2,Ballin on those throws,Scots Tots,0.32975,0.6145,0.05575,16.89275,19.077
2023 Semester 2 Social Sports - Netball - Tuesday Netball - Division 2,Ballin on those throws,oh god dont shoot,0.02125,0.96975,0.009,13.73325,26.845
2023 Semester 2 Social Sports - Netball - Tuesday Netball - Division 2,Ballin on those throws,Ballin on those throws,0.484,0.44775,0.06825,18.02825,17.78675
2023 Semester 2 Social Sports - Netball - Tuesday Netball - Division 2,Ballin on those throws,Daddy Chaddy Fan Squad,0.3335,0.6055,0.061,16.0325,18.20675
2023 Semester 2 Social Sports - Netball - Tuesday Netball - Division 2,Daddy Chaddy Fan Squad,FUJI7,0.74275,0.21225,0.045,20.25575,15.5885
2023 Semester 2 Social Sports - Netball - Tuesday Netball - Division 2,Daddy Chaddy Fan Squad,That Wasn't Stepping,0.0515,0.93175,0.01675,13.65575,24.0355
2023 Semester 2 Social Sports - Netball - Tuesday Netball - Division 2,Daddy Chaddy Fan Squad,Yee Haw,0.88975,0.083,0.02725,20.25675,12.01625
2023 Semester 2 Social Sports - Netball - Tuesday Netball - Division 2,Daddy Chaddy Fan Squad,nets to nothing,0.05725,0.9245,0.01825,12.65,21.819
2023 Semester 2 Social Sports - Netball - Tuesday Netball - Division 2,Daddy Chaddy Fan Squad,Scots Tots,0.4735,0.46675,0.05975,17.22025,17.11425
2023 Semester 2 Social Sports - Netball - Tuesday Netball - Division 2,Daddy Chaddy Fan Squad,oh god dont shoot,0.06075,0.9215,0.01775,13.8985,23.90075
2023 Semester 2 Social Sports - Netball - Tuesday Netball - Division 2,Daddy Chaddy Fan Squad,Ballin on those throws,0.5985,0.34025,0.06125,18.11225,16.01775
2023 Semester 2 Social Sports - Netball - Tuesday Netball - Division 2,Daddy Chaddy Fan Squad,Daddy Chaddy Fan Squad,0.46925,0.45875,0.072,16.2825,16.17975
2023 Semester 2 Social Sports - Netball - Monday Netball - Division 4,Who Net The Dogs Out,Who Net The Dogs Out,0.46725,0.43775,0.095,9.6915,9.64275
2023 Semester 2 Social Sports - Netball - Monday Netball - Division 4,Who Net The Dogs Out,Sexy Swim Teachers,0.60725,0.31525,0.0775,10.56575,8.797
2023 Semester 2 Social Sports - Netball - Monday Netball - Division 4,Who Net The Dogs Out,The Goal Diggers,0.90975,0.065,0.02525,16.53675,8.7335
2023 Semester 2 Social Sports - Netball - Monday Netball - Division 4,Who Net The Dogs Out,No Fox Given,0.3705,0.55975,0.06975,12.333,13.541
2023 Semester 2 Social Sports - Netball - Monday Netball - Division 4,Who Net The Dogs Out,Hot Bibbies,0.75925,0.17625,0.0645,12.762,8.86125
2023 Semester 2 Social Sports - Netball - Monday Netball - Division 4,Who Net The Dogs Out,Smooth Obturator,0.721,0.21575,0.06325,14.9975,11.221
2023 Semester 2 Social Sports - Netball - Monday Netball - Division 4,Sexy Swim Teachers,Who Net The Dogs Out,0.313,0.60725,0.07975,8.923,10.6245
2023 Semester 2 Social Sports - Netball - Monday Netball - Division 4,Sexy Swim Teachers,Sexy Swim Teachers,0.4455,0.46775,0.08675,9.649,9.6455
2023 Semester 2 Social Sports - Netball - Monday Netball - Division 4,Sexy Swim Teachers,The Goal Diggers,0.82675,0.1255,0.04775,15.106,9.52875
2023 Semester 2 Social Sports - Netball - Monday Netball - Division 4,Sexy Swim Teachers,No Fox Given,0.24025,0.70225,0.0575,11.32275,14.7515
2023 Semester 2 Social Sports - Netball - Monday Netball - Division 4,Sexy Swim Teachers,Hot Bibbies,0.6155,0.307,0.0775,11.581,9.6175
2023 Semester 2 Social Sports - Netball - Monday Netball - Division 4,Sexy Swim Teachers,Smooth Obturator,0.57125,0.36275,0.066,13.69625,12.2075
2023 Semester 2 Social Sports - Netball - Monday Netball - Division 4,The Goal Diggers,Who Net The Dogs Out,0.06475,0.9115,0.02375,8.80375,16.582
2023 Semester 2 Social Sports - Netball - Monday Netball - Division 4,The Goal Diggers,Sexy Swim Teachers,0.12225,0.84075,0.037,9.47225,15.12325
2023 Semester 2 Social Sports - Netball - Monday Netball - Division 4,The Goal Diggers,The Goal Diggers,0.46,0.46425,0.07575,14.9335,14.9905
2023 Semester 2 Social Sports - Netball - Monday Netball - Division 4,The Goal Diggers,No Fox Given,0.0235,0.966,0.0105,11.256,23.17125
2023 Semester 2 Social Sports - Netball - Monday Netball - Division 4,The Goal Diggers,Hot Bibbies,0.23025,0.7115,0.05825,11.493,15.008
2023 Semester 2 Social Sports - Netball - Monday Netball - Division 4,The Goal Diggers,Smooth Obturator,0.16375,0.791,0.04525,13.43775,18.96675
2023 Semester 2 Social Sports - Netball - Monday Netball - Division 4,No Fox Given,Who Net The Dogs Out,0.54425,0.38175,0.074,13.62175,12.41575
2023 Semester 2 Social Sports - Netball - Monday Netball - Division 4,No Fox Given,Sexy Swim Teachers,0.7065,0.2335,0.06,14.77675,11.243
2023 Semester 2 Social Sports - Netball - Monday Netball - Division 4,No Fox Given,The Goal Diggers,0.96925,0.02125,0.0095,23.1635,11.28725
2023 Semester 2 Social Sports - Netball - Monday Netball - Division 4,No Fox Given,No Fox Given,0.47525,0.45475,0.07,17.567,17.4565
2023 Semester 2 Social Sports - Netball - Monday Netball - Division 4,No Fox Given,Hot Bibbies,0.8545,0.1095,0.036,17.9645,11.32725
2023 Semester 2 Social Sports - Netball - Monday Netball - Division 4,No Fox Given,Smooth Obturator,0.82875,0.1375,0.03375,21.036,14.35575
2023 Semester 2 Social Sports - Netball - Monday Netball - Division 4,Hot Bibbies,Who Net The Dogs Out,0.18375,0.75,0.06625,8.8565,12.70575
2023 Semester 2 Social Sports - Netball - Monday Netball - Division 4,Hot Bibbies,Sexy Swim Teachers,0.29675,0.628,0.07525,9.576,11.5905
2023 Semester 2 Social Sports - Netball - Monday Netball - Division 4,Hot Bibbies,The Goal Diggers,0.699,0.238,0.063,14.98525,11.4805
2023 Semester 2 Social Sports - Netball - Monday Netball - Division 4,Hot Bibbies,No Fox Given,0.114,0.85025,0.03575,11.32975,17.80525
2023 Semester 2 Social Sports - Netball - Monday Netball - Division 4,Hot Bibbies,Hot Bibbies,0.45475,0.46175,0.0835,11.57575,11.58725
2023 Semester 2 Social Sports - Netball - Monday Netball - Division 4,Hot Bibbies,Smooth Obturator,0.388,0.54375,0.06825,13.5625,14.62975
2023 Semester 2 Social Sports - Netball - Monday Netball - Division 4,Smooth Obturator,Who Net The Dogs Out,0.21575,0.732,0.05225,11.188,15.0235
2023 Semester 2 Social Sports - Netball - Monday Netball - Division 4,Smooth Obturator,Sexy Swim Teachers,0.359,0.57175,0.06925,12.13725,13.62675
2023 Semester 2 Social Sports - Netball - Monday Netball - Division 4,Smooth Obturator,The Goal Diggers,0.77775,0.17575,0.0465,18.85525,13.493
2023 Semester 2 Social Sports - Netball - Monday Netball - Division 4,Smooth Obturator,No Fox Given,0.1305,0.83325,0.03625,14.2765,21.02825
2023 Semester 2 Social Sports - Netball - Monday Netball - Division 4,Smooth Obturator,Hot Bibbies,0.5335,0.4045,0.062,14.66875,13.62075
2023 Semester 2 Social Sports - Netball - Monday Netball - Division 4,Smooth Obturator,Smooth Obturator,0.473,0.45775,0.06925,17.313,17.276
2023 Semester 2 Social Sports - Netball - Tuesday Netball - Division 5,Uni Hall Ballers,Uni Hall Ballers,0.4505,0.45675,0.09275,9.54525,9.56575
2023 Semester 2 Social Sports - Netball - Tuesday Netball - Division 5,Uni Hall Ballers,Pivoting Primates,0.61925,0.29825,0.0825,10.357,8.446
2023 Semester 2 Social Sports - Netball - Tuesday Netball - Division 5,Uni Hall Ballers,5/12 Jocks,0.31625,0.61,0.07375,10.631,12.55925
2023 Semester 2 Social Sports - Netball - Tuesday Netball - Division 5,Uni Hall Ballers,Untouch-A-Balls,0.73325,0.2045,0.06225,14.20675,10.474
2023 Semester 2 Social Sports - Netball - Tuesday Netball - Division 5,Uni Hall Ballers,Ignite Llamas,0.96325,0.026,0.01075,19.508,9.03525
2023 Semester 2 Social Sports - Netball - Tuesday Netball - Division 5,Uni Hall Ballers,Average Joe’s,0.18875,0.7455,0.06575,8.83675,12.693
2023 Semester 2 Social Sports - Netball - Tuesday Netball - Division 5,Pivoting Primates,Uni Hall Ballers,0.291,0.62825,0.08075,8.29175,10.27525
2023 Semester 2 Social Sports - Netball - Tuesday Netball - Division 5,Pivoting Primates,Pivoting Primates,0.46075,0.44825,0.091,9.12275,9.046
2023 Semester 2 Social Sports - Netball - Tuesday Netball - Division 5,Pivoting Primates,5/12 Jocks,0.18625,0.75625,0.0575,9.471,13.61425
2023 Semester 2 Social Sports - Netball - Tuesday Netball - Division 5,Pivoting Primates,Untouch-A-Balls,0.555,0.36325,0.08175,12.42475,11.2075
2023 Semester 2 Social Sports - Netball - Tuesday Netball - Division 5,Pivoting Primates,Ignite Llamas,0.8935,0.0795,0.027,17.09025,9.683
2023 Semester 2 Social Sports - Netball - Tuesday Netball - Division 5,Pivoting Primates,Average Joe’s,0.0975,0.86675,0.03575,7.70575,13.55075
2023 Semester 2 Social Sports - Netball - Tuesday Netball - Division 5,5/12 Jocks,Uni Hall Ballers,0.60325,0.32875,0.068,12.42325,10.6405
2023 Semester 2 Social Sports - Netball - Tuesday Netball - Division 5,5/12 Jocks,Pivoting Primates,0.74375,0.187,0.06925,13.536,9.41625
2023 Semester 2 Social Sports - Netball - Tuesday Netball - Division 5,5/12 Jocks,5/12 Jocks,0.455,0.4655,0.0795,14.048,14.04575
2023 Semester 2 Social Sports - Netball - Tuesday Netball - Division 5,5/12 Jocks,Untouch-A-Balls,0.856,0.1085,0.0355,18.67025,11.7135
2023 Semester 2 Social Sports - Netball - Tuesday Netball - Division 5,5/12 Jocks,Ignite Llamas,0.9905,0.006,0.0035,25.61075,10.068
2023 Semester 2 Social Sports - Netball - Tuesday Netball - Division 5,5/12 Jocks,Average Joe’s,0.2865,0.65125,0.06225,11.574,14.16475
2023 Semester 2 Social Sports - Netball - Tuesday Netball - Division 5,Untouch-A-Balls,Uni Hall Ballers,0.204,0.7335,0.0625,10.305,14.12025
2023 Semester 2 Social Sports - Netball - Tuesday Netball - Division 5,Untouch-A-Balls,Pivoting Primates,0.384,0.53725,0.07875,11.198,12.3575
2023 Semester 2 Social Sports - Netball - Tuesday Netball - Division 5,Untouch-A-Balls,5/12 Jocks,0.11,0.853,0.037,11.776,18.481
2023 Semester 2 Social Sports - Netball - Tuesday Netball - Division 5,Untouch-A-Balls,Untouch-A-Balls,0.47,0.45825,0.07175,15.44625,15.4235
2023 Semester 2 Social Sports - Netball - Tuesday Netball - Division 5,Untouch-A-Balls,Ignite Llamas,0.86175,0.103,0.03525,21.17,13.512
2023 Semester 2 Social Sports - Netball - Tuesday Netball - Division 5,Untouch-A-Balls,Average Joe’s,0.04475,0.93675,0.0185,9.629,18.761
2023 Semester 2 Social Sports - Netball - Tuesday Netball - Division 5,Ignite Llamas,Uni Hall Ballers,0.022,0.962,0.016,9.01775,19.54225
2023 Semester 2 Social Sports - Netball - Tuesday Netball - Division 5,Ignite Llamas,Pivoting Primates,0.07425,0.89425,0.0315,9.67125,17.12075
2023 Semester 2 Social Sports - Netball - Tuesday Netball - Division 5,Ignite Llamas,5/12 Jocks,0.00675,0.9905,0.00275,10.15425,25.64275
2023 Semester 2 Social Sports - Netball - Tuesday Netball - Division 5,Ignite Llamas,Untouch-A-Balls,0.1045,0.864,0.0315,13.55975,21.11425
2023 Semester 2 Social Sports - Netball - Tuesday Netball - Division 5,Ignite Llamas,Ignite Llamas,0.45725,0.465,0.07775,18.53275,18.54025
2023 Semester 2 Social Sports - Netball - Tuesday Netball - Division 5,Ignite Llamas,Average Joe’s,0.002,0.99675,0.00125,8.4255,25.7395
2023 Semester 2 Social Sports - Netball - Tuesday Netball - Division 5,Average Joe’s,Uni Hall Ballers,0.73775,0.2,0.06225,12.62,8.8575
2023 Semester 2 Social Sports - Netball - Tuesday Netball - Division 5,Average Joe’s,Pivoting Primates,0.86525,0.0945,0.04025,13.632,7.75575
2023 Semester 2 Social Sports - Netball - Tuesday Netball - Division 5,Average Joe’s,5/12 Jocks,0.64925,0.29025,0.0605,14.185,11.6465
2023 Semester 2 Social Sports - Netball - Tuesday Netball - Division 5,Average Joe’s,Untouch-A-Balls,0.93225,0.04575,0.022,18.86525,9.65975
2023 Semester 2 Social Sports - Netball - Tuesday Netball - Division 5,Average Joe’s,Ignite Llamas,0.995,0.00325,0.00175,25.72175,8.3715
2023 Semester 2 Social Sports - Netball - Tuesday Netball - Division 5,Average Joe’s,Average Joe’s,0.46825,0.452,0.07975,11.804,11.6815
2023 Semester 2 Social Sports - Netball - Monday Netball - Division 6,Ankle Breakers,Ankle Breakers,0.4565,0.4565,0.087,12.46175,12.4765
2023 Semester 2 Social Sports - Netball - Monday Netball - Division 6,Ankle Breakers,The Incrediballs,0.27625,0.6665,0.05725,14.6255,17.697
2023 Semester 2 Social Sports - Netball - Monday Netball - Division 6,Ankle Breakers,The Nutty Ballers,0.18,0.76625,0.05375,9.6335,13.8955
2023 Semester 2 Social Sports - Netball - Monday Netball - Division 6,Ankle Breakers,IshaNETs,0.17475,0.78325,0.042,12.528,17.67225
2023 Semester 2 Social Sports - Netball - Monday Netball - Division 6,Ankle Breakers,Jalapeño Hotties,0.2405,0.70225,0.05725,11.534,14.8475
2023 Semester 2 Social Sports - Netball - Monday Netball - Division 6,Ankle Breakers,Zooper Doopers,0.49075,0.438,0.07125,15.5545,15.126
2023 Semester 2 Social Sports - Netball - Monday Netball - Division 6,The Incrediballs,Ankle Breakers,0.6625,0.28625,0.05125,17.69125,14.6665
2023 Semester 2 Social Sports - Netball - Monday Netball - Division 6,The Incrediballs,The Incrediballs,0.45625,0.4835,0.06025,20.678,20.71975
2023 Semester 2 Social Sports - Netball - Monday Netball - Division 6,The Incrediballs,The Nutty Ballers,0.31,0.63525,0.05475,13.83375,16.4265
2023 Semester 2 Social Sports - Netball - Monday Netball - Division 6,The Incrediballs,IshaNETs,0.30575,0.63925,0.055,17.74925,20.68875
2023 Semester 2 Social Sports - Netball - Monday Netball - Division 6,The Incrediballs,Jalapeño Hotties,0.401,0.5365,0.0625,16.32325,17.43225
2023 Semester 2 Social Sports - Netball - Monday Netball - Division 6,The Incrediballs,Zooper Doopers,0.70975,0.2415,0.04875,22.118,17.808
2023 Semester 2 Social Sports - Netball - Monday Netball - Division 6,The Nutty Ballers,Ankle Breakers,0.779,0.16375,0.05725,14.07,9.736
2023 Semester 2 Social Sports - Netball - Monday Netball - Division 6,The Nutty Ballers,The Incrediballs,0.6335,0.3035,0.063,16.315,13.85375
2023 Semester 2 Social Sports - Netball - Monday Netball - Division 6,The Nutty Ballers,The Nutty Ballers,0.45625,0.4595,0.08425,10.83525,10.856
2023 Semester 2 Social Sports - Netball - Monday Netball - Division 6,The Nutty Ballers,IshaNETs,0.49,0.4365,0.0735,14.02225,13.72875
2023 Semester 2 Social Sports - Netball - Monday Netball - Division 6,The Nutty Ballers,Jalapeño Hotties,0.55225,0.37125,0.0765,12.82525,11.63675
2023 Semester 2 Social Sports - Netball - Monday Netball - Division 6,The Nutty Ballers,Zooper Doopers,0.8145,0.13975,0.04575,17.453,11.79
2023 Semester 2 Social Sports - Netball - Monday Netball - Division 6,IshaNETs,Ankle Breakers,0.77325,0.1785,0.04825,17.59775,12.615
2023 Semester 2 Social Sports - Netball - Monday Netball - Division 6,IshaNETs,The Incrediballs,0.634,0.307,0.059,20.5685,17.7595
2023 Semester 2 Social Sports - Netball - Monday Netball - Division 6,IshaNETs,The Nutty Ballers,0.429,0.49575,0.07525,13.76325,14.2215
2023 Semester 2 Social Sports - Netball - Monday Netball - Division 6,IshaNETs,IshaNETs,0.47325,0.46425,0.0625,17.768,17.7655
2023 Semester 2 Social Sports - Netball - Monday Netball - Division 6,IshaNETs,Jalapeño Hotties,0.54975,0.3755,0.07475,16.1125,14.87975
2023 Semester 2 Social Sports - Netball - Monday Netball - Division 6,IshaNETs,Zooper Doopers,0.82925,0.13975,0.031,22.00875,15.22025
2023 Semester 2 Social Sports - Netball - Monday Netball - Division 6,Jalapeño Hotties,Ankle Breakers,0.69375,0.24575,0.0605,14.8285,11.41425
2023 Semester 2 Social Sports - Netball - Monday Netball - Division 6,Jalapeño Hotties,The Incrediballs,0.5435,0.392,0.0645,17.51025,16.3055
2023 Semester 2 Social Sports - Netball - Monday Netball - Division 6,Jalapeño Hotties,The Nutty Ballers,0.36725,0.55925,0.0735,11.616,12.94
2023 Semester 2 Social Sports - Netball - Monday Netball - Division 6,Jalapeño Hotties,IshaNETs,0.3815,0.55175,0.06675,14.98375,16.2135
2023 Semester 2 Social Sports - Netball - Monday Netball - Division 6,Jalapeño Hotties,Jalapeño Hotties,0.453,0.46575,0.08125,13.65575,13.7795
2023 Semester 2 Social Sports - Netball - Monday Netball - Division 6,Jalapeño Hotties,Zooper Doopers,0.75525,0.19625,0.0485,18.62625,13.82775
2023 Semester 2 Social Sports - Netball - Monday Netball - Division 6,Zooper Doopers,Ankle Breakers,0.44075,0.49175,0.0675,15.0915,15.51375
2023 Semester 2 Social Sports - Netball - Monday Netball - Division 6,Zooper Doopers,The Incrediballs,0.23275,0.71825,0.049,17.808,22.33125
2023 Semester 2 Social Sports - Netball - Monday Netball - Division 6,Zooper Doopers,The Nutty Ballers,0.138,0.81775,0.04425,11.7175,17.37075
2023 Semester 2 Social Sports - Netball - Monday Netball - Division 6,Zooper Doopers,IshaNETs,0.13925,0.82475,0.036,15.259,22.065
2023 Semester 2 Social Sports - Netball - Monday Netball - Division 6,Zooper Doopers,Jalapeño Hotties,0.20625,0.736,0.05775,13.9335,18.5855
2023 Semester 2 Social Sports - Netball - Monday Netball - Division 6,Zooper Doopers,Zooper Doopers,0.47,0.4665,0.0635,18.977,18.97125
2023 Semester 2 Social Sports - Netball - Monday Netball - Division 7,Bradaddy's Angels,Bradaddy's Angels,0.46075,0.45025,0.089,10.543,10.4985
2023 Semester 2 Social Sports - Netball - Monday Netball - Division 7,Bradaddy's Angels,Netamine,0.9825,0.0105,0.007,19.7565,7.48975
2023 Semester 2 Social Sports - Netball - Monday Netball - Division 7,Bradaddy's Angels,Solicited,0.57025,0.3475,0.08225,11.06875,9.594
2023 Semester 2 Social Sports - Netball - Monday Netball - Division 7,Bradaddy's Angels,Free Ballers,0.64525,0.285,0.06975,12.8515,10.428
2023 Semester 2 Social Sports - Netball - Monday Netball - Division 7,Bradaddy's Angels,Mom I Touched The Net,0.99625,0.0015,0.00225,19.19975,5.39875
2023 Semester 2 Social Sports - Netball - Monday Netball - Division 7,Bradaddy's Angels,Wait this isn't basketball?,0.9925,0.00275,0.00475,16.185,4.17
2023 Semester 2 Social Sports - Netball - Monday Netball - Division 7,Netamine,Bradaddy's Angels,0.01025,0.981,0.00875,7.53425,19.5625
2023 Semester 2 Social Sports - Netball - Monday Netball - Division 7,Netamine,Netamine,0.46875,0.457,0.07425,14.217,14.1485
2023 Semester 2 Social Sports - Netball - Monday Netball - Division 7,Netamine,Solicited,0.024,0.965,0.011,7.80275,17.98375
2023 Semester 2 Social Sports - Netball - Monday Netball - Division 7,Netamine,Free Ballers,0.03025,0.96,0.00975,9.17125,19.5795
2023 Semester 2 Social Sports - Netball - Monday Netball - Division 7,Netamine,Mom I Touched The Net,0.72325,0.2165,0.06025,13.62325,9.97275
2023 Semester 2 Social Sports - Netball - Monday Netball - Division 7,Netamine,Wait this isn't basketball?,0.75425,0.18,0.06575,11.55175,7.7985
2023 Semester 2 Social Sports - Netball - Monday Netball - Division 7,Solicited,Bradaddy's Angels,0.34875,0.57925,0.072,9.6095,11.0145
2023 Semester 2 Social Sports - Netball - Monday Netball - Division 7,Solicited,Netamine,0.9625,0.02525,0.01225,18.0965,7.932
2023 Semester 2 Social Sports - Netball - Monday Netball - Division 7,Solicited,Solicited,0.45675,0.44975,0.0935,10.17725,10.11275
2023 Semester 2 Social Sports - Netball - Monday Netball - Division 7,Solicited,Free Ballers,0.52025,0.4035,0.07625,11.75625,11.0725
2023 Semester 2 Social Sports - Netball - Monday Netball - Division 7,Solicited,Mom I Touched The Net,0.98825,0.008,0.00375,17.52675,5.66575
2023 Semester 2 Social Sports - Netball - Monday Netball - Division 7,Solicited,Wait this isn't basketball?,0.9865,0.008,0.0055,14.8345,4.36075
2023 Semester 2 Social Sports - Netball - Monday Netball - Division 7,Free Ballers,Bradaddy's Angels,0.2825,0.6515,0.066,10.394,12.961
2023 Semester 2 Social Sports - Netball - Monday Netball - Division 7,Free Ballers,Netamine,0.95625,0.03,0.01375,19.50475,9.20625
2023 Semester 2 Social Sports - Netball - Monday Netball - Division 7,Free Ballers,Solicited,0.397,0.5185,0.0845,11.0075,11.7115
2023 Semester 2 Social Sports - Netball - Monday Netball - Division 7,Free Ballers,Free Ballers,0.4575,0.465,0.0775,12.80875,12.9075
2023 Semester 2 Social Sports - Netball - Monday Netball - Division 7,Free Ballers,Mom I Touched The Net,0.98625,0.0075,0.00625,18.928,6.5195
2023 Semester 2 Social Sports - Netball - Monday Netball - Division 7,Free Ballers,Wait this isn't basketball?,0.9875,0.00675,0.00575,16.134,5.1205
2023 Semester 2 Social Sports - Netball - Monday Netball - Division 7,Mom I Touched The Net,Bradaddy's Angels,0.002,0.99625,0.00175,5.28225,19.11975
2023 Semester 2 Social Sports - Netball - Monday Netball - Division 7,Mom I Touched The Net,Netamine,0.21925,0.721,0.05975,10.0515,13.5805
2023 Semester 2 Social Sports - Netball - Monday Netball - Division 7,Mom I Touched The Net,Solicited,0.0075,0.98725,0.00525,5.676,17.50425
2023 Semester 2 Social Sports - Netball - Monday Netball - Division 7,Mom I Touched The Net,Free Ballers,0.00875,0.9855,0.00575,6.53875,18.9
2023 Semester 2 Social Sports - Netball - Monday Netball - Division 7,Mom I Touched The Net,Mom I Touched The Net,0.4695,0.44225,0.08825,9.8295,9.698
2023 Semester 2 Social Sports - Netball - Monday Netball - Division 7,Mom I Touched The Net,Wait this isn't basketball?,0.517,0.38425,0.09875,8.22125,7.50975
2023 Semester 2 Social Sports - Netball - Monday Netball - Division 7,Wait this isn't basketball?,Bradaddy's Angels,0.004,0.9925,0.0035,4.17925,16.13875
2023 Semester 2 Social Sports - Netball - Monday Netball - Division 7,Wait this isn't basketball?,Netamine,0.1895,0.74375,0.06675,7.79675,11.44125
2023 Semester 2 Social Sports - Netball - Monday Netball - Division 7,Wait this isn't basketball?,Solicited,0.0085,0.9855,0.006,4.4905,14.80675
2023 Semester 2 Social Sports - Netball - Monday Netball - Division 7,Wait this isn't basketball?,Free Ballers,0.007,0.98775,0.00525,5.04775,16.193
2023 Semester 2 Social Sports - Netball - Monday Netball - Division 7,Wait this isn't basketball?,Mom I Touched The Net,0.39425,0.514,0.09175,7.66225,8.32525
2023 Semester 2 Social Sports - Netball - Monday Netball - Division 7,Wait this isn't basketball?,Wait this isn't basketball?,0.445,0.44125,0.11375,6.45,6.46975
2023 Semester 2 Social Sports - Netball - Tuesday Netball - Division 4,Joint Forces,Joint Forces,0.46125,0.47325,0.0655,16.96625,16.93125
2023 Semester 2 Social Sports - Netball - Tuesday Netball - Division 4,Joint Forces,Gunch Goats,1.0,0.0,0.0,29.89725,8.178
2023 Semester 2 Social Sports - Netball - Tuesday Netball - Division 4,Joint Forces,Barbie Girls,0.998,0.00175,0.00025,19.971,5.038
2023 Semester 2 Social Sports - Netball - Tuesday Netball - Division 4,Joint Forces,Charlie's angels,0.46575,0.46025,0.074,12.3015,12.36825
2023 Semester 2 Social Sports - Netball - Tuesday Netball - Division 4,Joint Forces,Dua Lipa Fan Club,0.9635,0.02525,0.01125,25.27075,12.7635
2023 Semester 2 Social Sports - Netball - Tuesday Netball - Division 4,Joint Forces,Teach Learn Goalz,0.85,0.11125,0.03875,15.63725,9.4045
2023 Semester 2 Social Sports - Netball - Tuesday Netball - Division 4,Gunch Goats,Joint Forces,0.00025,0.9995,0.00025,8.155,29.8425
2023 Semester 2 Social Sports - Netball - Tuesday Netball - Division 4,Gunch Goats,Gunch Goats,0.4585,0.46525,0.07625,14.36675,14.34025
2023 Semester 2 Social Sports - Netball - Tuesday Netball - Division 4,Gunch Goats,Barbie Girls,0.516,0.395,0.089,9.629,8.933
2023 Semester 2 Social Sports - Netball - Tuesday Netball - Division 4,Gunch Goats,Charlie's angels,0.001,0.9985,0.0005,5.923,21.86875
2023 Semester 2 Social Sports - Netball - Tuesday Netball - Division 4,Gunch Goats,Dua Lipa Fan Club,0.0455,0.93475,0.01975,12.13775,22.62575
2023 Semester 2 Social Sports - Netball - Tuesday Netball - Division 4,Gunch Goats,Teach Learn Goalz,0.033,0.9495,0.0175,7.44675,16.521
2023 Semester 2 Social Sports - Netball - Tuesday Netball - Division 4,Barbie Girls,Joint Forces,0.00175,0.99775,0.0005,5.064,20.05725
2023 Semester 2 Social Sports - Netball - Tuesday Netball - Division 4,Barbie Girls,Gunch Goats,0.40825,0.50725,0.0845,8.9095,9.55875
2023 Semester 2 Social Sports - Netball - Tuesday Netball - Division 4,Barbie Girls,Barbie Girls,0.4465,0.43075,0.12275,5.97325,5.97775
2023 Semester 2 Social Sports - Netball - Tuesday Netball - Division 4,Barbie Girls,Charlie's angels,0.004,0.991,0.005,3.66925,14.6655
2023 Semester 2 Social Sports - Netball - Tuesday Netball - Division 4,Barbie Girls,Dua Lipa Fan Club,0.055,0.917,0.028,7.4555,15.11125
2023 Semester 2 Social Sports - Netball - Tuesday Netball - Division 4,Barbie Girls,Teach Learn Goalz,0.04025,0.93325,0.0265,4.59325,11.15325
2023 Semester 2 Social Sports - Netball - Tuesday Netball - Division 4,Charlie's angels,Joint Forces,0.4705,0.46375,0.06575,12.41475,12.29575
2023 Semester 2 Social Sports - Netball - Tuesday Netball - Division 4,Charlie's angels,Gunch Goats,0.99925,0.0,0.00075,21.73625,5.9005
2023 Semester 2 Social Sports - Netball - Tuesday Netball - Division 4,Charlie's angels,Barbie Girls,0.99375,0.00325,0.003,14.72125,3.66175
2023 Semester 2 Social Sports - Netball - Tuesday Netball - Division 4,Charlie's angels,Charlie's angels,0.44875,0.44925,0.102,9.0015,8.99575
2023 Semester 2 Social Sports - Netball - Tuesday Netball - Division 4,Charlie's angels,Dua Lipa Fan Club,0.93425,0.0455,0.02025,18.357,9.28425
2023 Semester 2 Social Sports - Netball - Tuesday Netball - Division 4,Charlie's angels,Teach Learn Goalz,0.8035,0.1315,0.065,11.31975,6.8105
2023 Semester 2 Social Sports - Netball - Tuesday Netball - Division 4,Dua Lipa Fan Club,Joint Forces,0.022,0.968,0.01,12.7625,25.31025
2023 Semester 2 Social Sports - Netball - Tuesday Netball - Division 4,Dua Lipa Fan Club,Gunch Goats,0.93875,0.042,0.01925,22.6765,12.20575
2023 Semester 2 Social Sports - Netball - Tuesday Netball - Division 4,Dua Lipa Fan Club,Barbie Girls,0.914,0.058,0.028,15.14375,7.58925
2023 Semester 2 Social Sports - Netball - Tuesday Netball - Division 4,Dua Lipa Fan Club,Charlie's angels,0.04175,0.93925,0.019,9.24975,18.3575
2023 Semester 2 Social Sports - Netball - Tuesday Netball - Division 4,Dua Lipa Fan Club,Dua Lipa Fan Club,0.4645,0.46725,0.06825,18.93875,19.04775
2023 Semester 2 Social Sports - Netball - Tuesday Netball - Division 4,Dua Lipa Fan Club,Teach Learn Goalz,0.31225,0.6245,0.06325,11.7945,14.0635
2023 Semester 2 Social Sports - Netball - Tuesday Netball - Division 4,Teach Learn Goalz,Joint Forces,0.10675,0.85675,0.0365,9.3505,15.552
2023 Semester 2 Social Sports - Netball - Tuesday Netball - Division 4,Teach Learn Goalz,Gunch Goats,0.94925,0.03425,0.0165,16.57125,7.5135
2023 Semester 2 Social Sports - Netball - Tuesday Netball - Division 4,Teach Learn Goalz,Barbie Girls,0.92375,0.04575,0.0305,11.17625,4.6975
2023 Semester 2 Social Sports - Netball - Tuesday Netball - Division 4,Teach Learn Goalz,Charlie's angels,0.1275,0.82025,0.05225,6.8465,11.34425
2023 Semester 2 Social Sports - Netball - Tuesday Netball - Division 4,Teach Learn Goalz,Dua Lipa Fan Club,0.62825,0.31125,0.0605,14.15425,11.76625
2023 Semester 2 Social Sports - Netball - Tuesday Netball - Division 4,Teach Learn Goalz,Teach Learn Goalz,0.4345,0.46575,0.09975,8.6195,8.744
2023 Semester 2 Social Sports - Netball - Tuesday Netball - Division 3,Bust a Net,Bust a Net,0.45125,0.459,0.08975,11.3525,11.402
2023 Semester 2 Social Sports - Netball - Tuesday Netball - Division 3,Bust a Net,99 Problems but a Swish aint one,0.971,0.0175,0.0115,16.97275,6.76325
2023 Semester 2 Social Sports - Netball - Tuesday Netball - Division 3,Bust a Net,Total Liabilities,0.96075,0.02775,0.0115,17.9625,7.859
2023 Semester 2 Social Sports - Netball - Tuesday Netball - Division 3,Bust a Net,Ball Fondlers,0.94175,0.0395,0.01875,18.01425,8.78425
2023 Semester 2 Social Sports - Netball - Tuesday Netball - Division 3,Bust a Net,Net Baddies,1.0,0.0,0.0,24.28425,2.7065
2023 Semester 2 Social Sports - Netball - Tuesday Netball - Division 3,Bust a Net,The Girls and The Gays,0.462,0.46125,0.07675,9.811,9.8025
2023 Semester 2 Social Sports - Netball - Tuesday Netball - Division 3,99 Problems but a Swish aint one,Bust a Net,0.026,0.96,0.014,6.822,16.99825
2023 Semester 2 Social Sports - Netball - Tuesday Netball - Division 3,99 Problems but a Swish aint one,99 Problems but a Swish aint one,0.463,0.4465,0.0905,10.305,10.231
2023 Semester 2 Social Sports - Netball - Tuesday Netball - Division 3,99 Problems but a Swish aint one,Total Liabilities,0.37075,0.55475,0.0745,10.87375,12.0245
2023 Semester 2 Social Sports - Netball - Tuesday Netball - Division 3,99 Problems but a Swish aint one,Ball Fondlers,0.30875,0.617,0.07425,10.92425,13.09225
2023 Semester 2 Social Sports - Netball - Tuesday Netball - Division 3,99 Problems but a Swish aint one,Net Baddies,0.98475,0.00775,0.0075,14.6505,4.134
2023 Semester 2 Social Sports - Netball - Tuesday Netball - Division 3,99 Problems but a Swish aint one,The Girls and The Gays,0.023,0.96225,0.01475,5.80675,14.77875
2023 Semester 2 Social Sports - Netball - Tuesday Netball - Division 3,Total Liabilities,Bust a Net,0.023,0.9665,0.0105,7.961,17.93325
2023 Semester 2 Social Sports - Netball - Tuesday Netball - Division 3,Total Liabilities,99 Problems but a Swish aint one,0.55675,0.3655,0.07775,12.04975,10.79675
2023 Semester 2 Social Sports - Netball - Tuesday Netball - Division 3,Total Liabilities,Total Liabilities,0.449,0.46875,0.08225,12.633,12.74825
2023 Semester 2 Social Sports - Netball - Tuesday Netball - Division 3,Total Liabilities,Ball Fondlers,0.39375,0.53825,0.068,12.799,13.763
2023 Semester 2 Social Sports - Netball - Tuesday Netball - Division 3,Total Liabilities,Net Baddies,0.99425,0.00325,0.0025,17.27425,4.36275
2023 Semester 2 Social Sports - Netball - Tuesday Netball - Division 3,Total Liabilities,The Girls and The Gays,0.0385,0.94225,0.01925,6.92675,15.55125
2023 Semester 2 Social Sports - Netball - Tuesday Netball - Division 3,Ball Fondlers,Bust a Net,0.0395,0.941,0.0195,8.73275,17.96975
2023 Semester 2 Social Sports - Netball - Tuesday Netball - Division 3,Ball Fondlers,99 Problems but a Swish aint one,0.62675,0.30525,0.068,13.074,10.814
2023 Semester 2 Social Sports - Netball - Tuesday Netball - Division 3,Ball Fondlers,Total Liabilities,0.5415,0.386,0.0725,13.8935,12.71525
2023 Semester 2 Social Sports - Netball - Tuesday Netball - Division 3,Ball Fondlers,Ball Fondlers,0.459,0.46,0.081,13.94425,13.93975
2023 Semester 2 Social Sports - Netball - Tuesday Netball - Division 3,Ball Fondlers,Net Baddies,0.9985,0.00075,0.00075,18.769,4.39525
2023 Semester 2 Social Sports - Netball - Tuesday Netball - Division 3,Ball Fondlers,The Girls and The Gays,0.04875,0.92725,0.024,7.511,15.61225
2023 Semester 2 Social Sports - Netball - Tuesday Netball - Division 3,Net Baddies,Bust a Net,0.0,1.0,0.0,2.7465,24.505
2023 Semester 2 Social Sports - Netball - Tuesday Netball - Division 3,Net Baddies,99 Problems but a Swish aint one,0.00675,0.98875,0.0045,4.1525,14.77825
2023 Semester 2 Social Sports - Netball - Tuesday Netball - Division 3,Net Baddies,Total Liabilities,0.00175,0.9965,0.00175,4.3635,17.167
2023 Semester 2 Social Sports - Netball - Tuesday Netball - Division 3,Net Baddies,Ball Fondlers,0.001,0.998,0.001,4.35525,18.854
2023 Semester 2 Social Sports - Netball - Tuesday Netball - Division 3,Net Baddies,Net Baddies,0.439,0.445,0.116,5.984,5.95825
2023 Semester 2 Social Sports - Netball - Tuesday Netball - Division 3,Net Baddies,The Girls and The Gays,0.0,1.0,0.0,2.4365,21.19875
2023 Semester 2 Social Sports - Netball - Tuesday Netball - Division 3,The Girls and The Gays,Bust a Net,0.4675,0.4465,0.086,9.8505,9.6895
2023 Semester 2 Social Sports - Netball - Tuesday Netball - Division 3,The Girls and The Gays,99 Problems but a Swish aint one,0.9595,0.02525,0.01525,14.7485,5.87
2023 Semester 2 Social Sports - Netball - Tuesday Netball - Division 3,The Girls and The Gays,Total Liabilities,0.946,0.0335,0.0205,15.62575,6.932
2023 Semester 2 Social Sports - Netball - Tuesday Netball - Division 3,The Girls and The Gays,Ball Fondlers,0.921,0.05475,0.02425,15.6825,7.58375
2023 Semester 2 Social Sports - Netball - Tuesday Netball - Division 3,The Girls and The Gays,Net Baddies,1.0,0.0,0.0,21.2185,2.39725
2023 Semester 2 Social Sports - Netball - Tuesday Netball - Division 3,The Girls and The Gays,The Girls and The Gays,0.464,0.433,0.103,8.498,8.4045
2023 Semester 2 Social Sports - Netball - Monday Netball - Division 2,Kenergy,Kenergy,0.45725,0.47675,0.066,15.281,15.302
2023 Semester 2 Social Sports - Netball - Monday Netball - Division 2,Kenergy,Bandaids & Stuff,0.40825,0.51125,0.0805,11.7765,12.5465
2023 Semester 2 Social Sports - Netball - Monday Netball - Division 2,Kenergy,Net Naitanui,0.0355,0.9495,0.015,11.9665,23.3015
2023 Semester 2 Social Sports - Netball - Monday Netball - Division 2,Kenergy,Michael's Basketball Team,0.30475,0.6315,0.06375,13.92375,16.37875
2023 Semester 2 Social Sports - Netball - Monday Netball - Division 2,Kenergy,One shot wonders,0.21725,0.7295,0.05325,13.97225,18.1295
2023 Semester 2 Social Sports - Netball - Monday Netball - Division 2,Kenergy,Big Balls,0.19625,0.764,0.03975,16.258,21.62725
2023 Semester 2 Social Sports - Netball - Monday Netball - Division 2,Bandaids & Stuff,Kenergy,0.53375,0.3905,0.07575,12.64675,11.7385
2023 Semester 2 Social Sports - Netball - Monday Netball - Division 2,Bandaids & Stuff,Bandaids & Stuff,0.45475,0.452,0.09325,9.72,9.699
2023 Semester 2 Social Sports - Netball - Monday Netball - Division 2,Bandaids & Stuff,Net Naitanui,0.06475,0.9075,0.02775,9.942,17.90175
2023 Semester 2 Social Sports - Netball - Monday Netball - Division 2,Bandaids & Stuff,Michael's Basketball Team,0.39225,0.53425,0.0735,11.58675,12.564
2023 Semester 2 Social Sports - Netball - Monday Netball - Division 2,Bandaids & Stuff,One shot wonders,0.2925,0.6355,0.072,11.5535,13.96
2023 Semester 2 Social Sports - Netball - Monday Netball - Division 2,Bandaids & Stuff,Big Balls,0.26725,0.67425,0.0585,13.4095,16.6015
2023 Semester 2 Social Sports - Netball - Monday Netball - Division 2,Net Naitanui,Kenergy,0.9545,0.029,0.0165,23.293,11.91375
2023 Semester 2 Social Sports - Netball - Monday Netball - Division 2,Net Naitanui,Bandaids & Stuff,0.9105,0.06675,0.02275,17.947,9.7935
2023 Semester 2 Social Sports - Netball - Monday Netball - Division 2,Net Naitanui,Net Naitanui,0.464,0.47425,0.06175,18.29075,18.37975
2023 Semester 2 Social Sports - Netball - Monday Netball - Division 2,Net Naitanui,Michael's Basketball Team,0.901,0.0735,0.0255,21.1435,12.7465
2023 Semester 2 Social Sports - Netball - Monday Netball - Division 2,Net Naitanui,One shot wonders,0.853,0.1105,0.0365,21.40425,14.2615
2023 Semester 2 Social Sports - Netball - Monday Netball - Division 2,Net Naitanui,Big Balls,0.8595,0.11025,0.03025,24.6015,16.85925
2023 Semester 2 Social Sports - Netball - Monday Netball - Division 2,Michael's Basketball Team,Kenergy,0.61525,0.3235,0.06125,16.268,13.98675
2023 Semester 2 Social Sports - Netball - Monday Netball - Division 2,Michael's Basketball Team,Bandaids & Stuff,0.53925,0.38675,0.074,12.5475,11.50475
2023 Semester 2 Social Sports - Netball - Monday Netball - Division 2,Michael's Basketball Team,Net Naitanui,0.07975,0.896,0.02425,12.6995,21.09
2023 Semester 2 Social Sports - Netball - Monday Netball - Division 2,Michael's Basketball Team,Michael's Basketball Team,0.4585,0.46475,0.07675,14.803,14.884
2023 Semester 2 Social Sports - Netball - Monday Netball - Division 2,Michael's Basketball Team,One shot wonders,0.36575,0.568,0.06625,15.037,16.52725
2023 Semester 2 Social Sports - Netball - Monday Netball - Division 2,Michael's Basketball Team,Big Balls,0.3285,0.618,0.0535,17.28225,19.69775
2023 Semester 2 Social Sports - Netball - Monday Netball - Division 2,One shot wonders,Kenergy,0.727,0.22325,0.04975,18.31975,14.0175
2023 Semester 2 Social Sports - Netball - Monday Netball - Division 2,One shot wonders,Bandaids & Stuff,0.648,0.28675,0.06525,14.003,11.5275
2023 Semester 2 Social Sports - Netball - Monday Netball - Division 2,One shot wonders,Net Naitanui,0.10925,0.8545,0.03625,14.088,21.43825
2023 Semester 2 Social Sports - Netball - Monday Netball - Division 2,One shot wonders,Michael's Basketball Team,0.56675,0.36425,0.069,16.51825,14.96025
2023 Semester 2 Social Sports - Netball - Monday Netball - Division 2,One shot wonders,One shot wonders,0.46825,0.46275,0.069,16.731,16.61925
2023 Semester 2 Social Sports - Netball - Monday Netball - Division 2,One shot wonders,Big Balls,0.44625,0.493,0.06075,19.29925,19.74775
2023 Semester 2 Social Sports - Netball - Monday Netball - Division 2,Big Balls,Kenergy,0.76825,0.1905,0.04125,21.68325,16.3285
2023 Semester 2 Social Sports - Netball - Monday Netball - Division 2,Big Balls,Bandaids & Stuff,0.6725,0.26825,0.05925,16.58225,13.354
2023 Semester 2 Social Sports - Netball - Monday Netball - Division 2,Big Balls,Net Naitanui,0.1265,0.84075,0.03275,16.949,24.7105
2023 Semester 2 Social Sports - Netball - Monday Netball - Division 2,Big Balls,Michael's Basketball Team,0.612,0.32925,0.05875,19.60925,17.239
2023 Semester 2 Social Sports - Netball - Monday Netball - Division 2,Big Balls,One shot wonders,0.50225,0.44425,0.0535,19.84575,19.307
2023 Semester 2 Social Sports - Netball - Monday Netball - Division 2,Big Balls,Big Balls,0.48025,0.4635,0.05625,23.11625,22.991
2023 Semester 2 Social Sports - Netball - Monday Netball - Division 3,Try Hards,Try Hards,0.45125,0.45875,0.09,9.527,9.51575
2023 Semester 2 Social Sports - Netball - Monday Netball - Division 3,Try Hards,Dribblers,0.54225,0.39125,0.0665,12.97125,11.985
2023 Semester 2 Social Sports - Netball - Monday Netball - Division 3,Try Hards,The Better Dribblers,0.107,0.85425,0.03875,9.27875,15.56875
2023 Semester 2 Social Sports - Netball - Monday Netball - Division 3,Try Hards,GYG forever,0.74,0.1965,0.0635,13.67925,9.7745
2023 Semester 2 Social Sports - Netball - Monday Netball - Division 3,Try Hards,Cherry Bombs,0.7415,0.191,0.0675,10.74075,7.27375
2023 Semester 2 Social Sports - Netball - Monday Netball - Division 3,Try Hards,The Hamburglars,0.5065,0.40925,0.08425,13.297,12.5985
2023 Semester 2 Social Sports - Netball - Monday Netball - Division 3,Dribblers,Try Hards,0.383,0.54425,0.07275,11.97125,13.04075
2023 Semester 2 Social Sports - Netball - Monday Netball - Division 3,Dribblers,Dribblers,0.462,0.4695,0.0685,16.55625,16.45175
2023 Semester 2 Social Sports - Netball - Monday Netball - Division 3,Dribblers,The Better Dribblers,0.05075,0.934,0.01525,11.6685,21.4315
2023 Semester 2 Social Sports - Netball - Monday Netball - Division 3,Dribblers,GYG forever,0.704,0.2415,0.0545,17.2875,13.4605
2023 Semester 2 Social Sports - Netball - Monday Netball - Division 3,Dribblers,Cherry Bombs,0.7125,0.2245,0.063,13.563,10.0385
2023 Semester 2 Social Sports - Netball - Monday Netball - Division 3,Dribblers,The Hamburglars,0.43225,0.49975,0.068,16.8915,17.3835
2023 Semester 2 Social Sports - Netball - Monday Netball - Division 3,The Better Dribblers,Try Hards,0.857,0.106,0.037,15.5465,9.3215
2023 Semester 2 Social Sports - Netball - Monday Netball - Division 3,The Better Dribblers,Dribblers,0.93675,0.04575,0.0175,21.42125,11.704
2023 Semester 2 Social Sports - Netball - Monday Netball - Division 3,The Better Dribblers,The Better Dribblers,0.4565,0.47225,0.07125,15.10625,15.25275
2023 Semester 2 Social Sports - Netball - Monday Netball - Division 3,The Better Dribblers,GYG forever,0.98125,0.014,0.00475,22.46325,9.51575
2023 Semester 2 Social Sports - Netball - Monday Netball - Division 3,The Better Dribblers,Cherry Bombs,0.9665,0.01975,0.01375,17.561,7.1595
2023 Semester 2 Social Sports - Netball - Monday Netball - Division 3,The Better Dribblers,The Hamburglars,0.924,0.0545,0.0215,21.90575,12.313
2023 Semester 2 Social Sports - Netball - Monday Netball - Division 3,GYG forever,Try Hards,0.20025,0.7385,0.06125,9.84225,13.75425
2023 Semester 2 Social Sports - Netball - Monday Netball - Division 3,GYG forever,Dribblers,0.23575,0.7195,0.04475,13.446,17.313
2023 Semester 2 Social Sports - Netball - Monday Netball - Division 3,GYG forever,The Better Dribblers,0.014,0.97875,0.00725,9.50525,22.4355
2023 Semester 2 Social Sports - Netball - Monday Netball - Division 3,GYG forever,GYG forever,0.451,0.476,0.073,14.14425,14.22425
2023 Semester 2 Social Sports - Netball - Monday Netball - Division 3,GYG forever,Cherry Bombs,0.504,0.416,0.08,11.09,10.53975
2023 Semester 2 Social Sports - Netball - Monday Netball - Division 3,GYG forever,The Hamburglars,0.21125,0.737,0.05175,13.7895,18.43275
2023 Semester 2 Social Sports - Netball - Monday Netball - Division 3,Cherry Bombs,Try Hards,0.19625,0.7355,0.06825,7.34825,10.71175
2023 Semester 2 Social Sports - Netball - Monday Netball - Division 3,Cherry Bombs,Dribblers,0.21725,0.72075,0.062,10.10875,13.6355
2023 Semester 2 Social Sports - Netball - Monday Netball - Division 3,Cherry Bombs,The Better Dribblers,0.017,0.975,0.008,7.168,17.54125
2023 Semester 2 Social Sports - Netball - Monday Netball - Division 3,Cherry Bombs,GYG forever,0.40975,0.51225,0.078,10.56475,11.1705
2023 Semester 2 Social Sports - Netball - Monday Netball - Division 3,Cherry Bombs,Cherry Bombs,0.459,0.44225,0.09875,8.262,8.24825
2023 Semester 2 Social Sports - Netball - Monday Netball - Division 3,Cherry Bombs,The Hamburglars,0.1965,0.748,0.0555,10.28175,14.303
2023 Semester 2 Social Sports - Netball - Monday Netball - Division 3,The Hamburglars,Try Hards,0.418,0.50725,0.07475,12.5335,13.24925
2023 Semester 2 Social Sports - Netball - Monday Netball - Division 3,The Hamburglars,Dribblers,0.5,0.44025,0.05975,17.41025,16.862
2023 Semester 2 Social Sports - Netball - Monday Netball - Division 3,The Hamburglars,The Better Dribblers,0.05625,0.92425,0.0195,12.32225,21.8315
2023 Semester 2 Social Sports - Netball - Monday Netball - Division 3,The Hamburglars,GYG forever,0.7315,0.2185,0.05,18.2745,13.79775
2023 Semester 2 Social Sports - Netball - Monday Netball - Division 3,The Hamburglars,Cherry Bombs,0.747,0.20125,0.05175,14.373,10.274
2023 Semester 2 Social Sports - Netball - Monday Netball - Division 3,The Hamburglars,The Hamburglars,0.47525,0.457,0.06775,17.88325,17.70975
2023 Semester 2 Social Sports - Netball - Monday Netball - Division 5,May It Please the Court,May It Please the Court,0.457,0.44775,0.09525,7.24,7.225
2023 Semester 2 Social Sports - Netball - Monday Netball - Division 5,May It Please the Court,Just Got Played,0.01425,0.9735,0.01225,6.452,16.685
2023 Semester 2 Social Sports - Netball - Monday Netball - Division 5,May It Please the Court,Netronidazole,0.138,0.8115,0.0505,8.03675,12.86825
2023 Semester 2 Social Sports - Netball - Monday Netball - Division 5,May It Please the Court,What are you doing netbro?,0.003,0.9945,0.0025,5.9735,20.3465
2023 Semester 2 Social Sports - Netball - Monday Netball - Division 5,May It Please the Court,J Team,0.01625,0.973,0.01075,6.34775,16.48225
2023 Semester 2 Social Sports - Netball - Monday Netball - Division 5,May It Please the Court,Snags,0.0095,0.984,0.0065,6.3295,17.998
2023 Semester 2 Social Sports - Netball - Monday Netball - Division 5,Just Got Played,May It Please the Court,0.9725,0.01825,0.00925,16.53775,6.3645
2023 Semester 2 Social Sports - Netball - Monday Netball - Division 5,Just Got Played,Just Got Played,0.442,0.48375,0.07425,14.88,15.00525
2023 Semester 2 Social Sports - Netball - Monday Netball - Division 5,Just Got Played,Netronidazole,0.87325,0.098,0.02875,18.676,11.44375
2023 Semester 2 Social Sports - Netball - Monday Netball - Division 5,Just Got Played,What are you doing netbro?,0.20925,0.744,0.04675,13.6465,18.11075
2023 Semester 2 Social Sports - Netball - Monday Netball - Division 5,Just Got Played,J Team,0.474,0.45575,0.07025,14.677,14.669
2023 Semester 2 Social Sports - Netball - Monday Netball - Division 5,Just Got Played,Snags,0.3775,0.56,0.0625,14.60225,15.98475
2023 Semester 2 Social Sports - Netball - Monday Netball - Division 5,Netronidazole,May It Please the Court,0.80475,0.14,0.05525,12.806,8.0625
2023 Semester 2 Social Sports - Netball - Monday Netball - Division 5,Netronidazole,Just Got Played,0.10325,0.86525,0.0315,11.53875,18.5315
2023 Semester 2 Social Sports - Netball - Monday Netball - Division 5,Netronidazole,Netronidazole,0.4665,0.46025,0.07325,14.47125,14.4725
2023 Semester 2 Social Sports - Netball - Monday Netball - Division 5,Netronidazole,What are you doing netbro?,0.02,0.97025,0.00975,10.63075,23.057
2023 Semester 2 Social Sports - Netball - Monday Netball - Division 5,Netronidazole,J Team,0.09625,0.8715,0.03225,11.35075,18.5245
2023 Semester 2 Social Sports - Netball - Monday Netball - Division 5,Netronidazole,Snags,0.05625,0.922,0.02175,11.21725,19.93525
2023 Semester 2 Social Sports - Netball - Monday Netball - Division 5,What are you doing netbro?,May It Please the Court,0.9955,0.0025,0.002,20.5105,5.9255
2023 Semester 2 Social Sports - Netball - Monday Netball - Division 5,What are you doing netbro?,Just Got Played,0.7525,0.2,0.0475,18.28125,13.6365
2023 Semester 2 Social Sports - Netball - Monday Netball - Division 5,What are you doing netbro?,Netronidazole,0.97375,0.0185,0.00775,22.906,10.562
2023 Semester 2 Social Sports - Netball - Monday Netball - Division 5,What are you doing netbro?,What are you doing netbro?,0.48675,0.45125,0.062,16.84175,16.73775
2023 Semester 2 Social Sports - Netball - Monday Netball - Division 5,What are you doing netbro?,J Team,0.72775,0.21475,0.0575,17.838,13.5185
2023 Semester 2 Social Sports - Netball - Monday Netball - Division 5,What are you doing netbro?,Snags,0.66075,0.2905,0.04875,17.713,14.68375
2023 Semester 2 Social Sports - Netball - Monday Netball - Division 5,J Team,May It Please the Court,0.97075,0.01875,0.0105,16.56725,6.35675
2023 Semester 2 Social Sports - Netball - Monday Netball - Division 5,J Team,Just Got Played,0.4685,0.45975,0.07175,14.651,14.60825
2023 Semester 2 Social Sports - Netball - Monday Netball - Division 5,J Team,Netronidazole,0.86,0.1075,0.0325,18.41625,11.4035
2023 Semester 2 Social Sports - Netball - Monday Netball - Division 5,J Team,What are you doing netbro?,0.213,0.73625,0.05075,13.524,17.9105
2023 Semester 2 Social Sports - Netball - Monday Netball - Division 5,J Team,J Team,0.4645,0.459,0.0765,14.5145,14.49175
2023 Semester 2 Social Sports - Netball - Monday Netball - Division 5,J Team,Snags,0.38525,0.5485,0.06625,14.4795,15.68375
2023 Semester 2 Social Sports - Netball - Monday Netball - Division 5,Snags,May It Please the Court,0.9865,0.0075,0.006,17.8385,6.26825
2023 Semester 2 Social Sports - Netball - Monday Netball - Division 5,Snags,Just Got Played,0.57075,0.36875,0.0605,15.9595,14.469
2023 Semester 2 Social Sports - Netball - Monday Netball - Division 5,Snags,Netronidazole,0.92025,0.06025,0.0195,20.053,11.1975
2023 Semester 2 Social Sports - Netball - Monday Netball - Division 5,Snags,What are you doing netbro?,0.27425,0.6675,0.05825,14.69175,17.83925
2023 Semester 2 Social Sports - Netball - Monday Netball - Division 5,Snags,J Team,0.54875,0.3825,0.06875,15.7215,14.34675
2023 Semester 2 Social Sports - Netball - Monday Netball - Division 5,Snags,Snags,0.46125,0.46675,0.072,15.49525,15.52125
2023 Semester 2 Social Sports - Netball - Tuesday Netball - Division 1,Albanians & Tobey,Albanians & Tobey,0.4665,0.46625,0.06725,19.62625,19.66875
2023 Semester 2 Social Sports - Netball - Tuesday Netball - Division 1,Albanians & Tobey,nads,0.9895,0.0055,0.005,22.073,8.30175
2023 Semester 2 Social Sports - Netball - Tuesday Netball - Division 1,Albanians & Tobey,Rizz it Like Rainsford,0.842,0.12475,0.03325,23.453,16.0225
2023 Semester 2 Social Sports - Netball - Tuesday Netball - Division 1,Albanians & Tobey,Judds Spuds,0.83425,0.12725,0.0385,19.12125,12.804
2023 Semester 2 Social Sports - Netball - Tuesday Netball - Division 1,Albanians & Tobey,Smash or Pass?,0.7195,0.23825,0.04225,24.90475,20.2005
2023 Semester 2 Social Sports - Netball - Tuesday Netball - Division 1,Albanians & Tobey,Hoops!... I did it again.,0.65225,0.2915,0.05625,18.93975,15.944
2023 Semester 2 Social Sports - Netball - Tuesday Netball - Division 1,nads,Albanians & Tobey,0.00525,0.99025,0.0045,8.371,22.2085
2023 Semester 2 Social Sports - Netball - Tuesday Netball - Division 1,nads,nads,0.4595,0.44475,0.09575,9.3835,9.29625
2023 Semester 2 Social Sports - Netball - Tuesday Netball - Division 1,nads,Rizz it Like Rainsford,0.05075,0.925,0.02425,9.82375,18.25475
2023 Semester 2 Social Sports - Netball - Tuesday Netball - Division 1,nads,Judds Spuds,0.08675,0.8775,0.03575,8.15725,14.36775
2023 Semester 2 Social Sports - Netball - Tuesday Netball - Division 1,nads,Smash or Pass?,0.01875,0.97175,0.0095,10.543,22.83575
2023 Semester 2 Social Sports - Netball - Tuesday Netball - Division 1,nads,Hoops!... I did it again.,0.0285,0.959,0.0125,8.02875,18.05825
2023 Semester 2 Social Sports - Netball - Tuesday Netball - Division 1,Rizz it Like Rainsford,Albanians & Tobey,0.12325,0.84175,0.035,16.00425,23.274
2023 Semester 2 Social Sports - Netball - Tuesday Netball - Division 1,Rizz it Like Rainsford,nads,0.9225,0.05525,0.02225,18.07375,9.70825
2023 Semester 2 Social Sports - Netball - Tuesday Netball - Division 1,Rizz it Like Rainsford,Rizz it Like Rainsford,0.46775,0.4655,0.06675,19.04575,19.1505
2023 Semester 2 Social Sports - Netball - Tuesday Netball - Division 1,Rizz it Like Rainsford,Judds Spuds,0.4905,0.44425,0.06525,15.61875,15.25625
2023 Semester 2 Social Sports - Netball - Tuesday Netball - Division 1,Rizz it Like Rainsford,Smash or Pass?,0.2835,0.66675,0.04975,20.3285,23.9595
2023 Semester 2 Social Sports - Netball - Tuesday Netball - Division 1,Rizz it Like Rainsford,Hoops!... I did it again.,0.251,0.6925,0.0565,15.3655,18.9365
2023 Semester 2 Social Sports - Netball - Tuesday Netball - Division 1,Judds Spuds,Albanians & Tobey,0.119,0.8415,0.0395,12.742,19.1525
2023 Semester 2 Social Sports - Netball - Tuesday Netball - Division 1,Judds Spuds,nads,0.88475,0.07975,0.0355,14.4015,8.004
2023 Semester 2 Social Sports - Netball - Tuesday Netball - Division 1,Judds Spuds,Rizz it Like Rainsford,0.43375,0.50125,0.065,15.249,15.76975
2023 Semester 2 Social Sports - Netball - Tuesday Netball - Division 1,Judds Spuds,Judds Spuds,0.45875,0.4615,0.07975,12.3925,12.481
2023 Semester 2 Social Sports - Netball - Tuesday Netball - Division 1,Judds Spuds,Smash or Pass?,0.2655,0.6845,0.05,16.13,19.76275
2023 Semester 2 Social Sports - Netball - Tuesday Netball - Division 1,Judds Spuds,Hoops!... I did it again.,0.24925,0.6915,0.05925,12.294,15.63475
2023 Semester 2 Social Sports - Netball - Tuesday Netball - Division 1,Smash or Pass?,Albanians & Tobey,0.24925,0.70725,0.0435,20.22875,24.74275
2023 Semester 2 Social Sports - Netball - Tuesday Netball - Division 1,Smash or Pass?,nads,0.972,0.019,0.009,22.65225,10.50225
2023 Semester 2 Social Sports - Netball - Tuesday Netball - Division 1,Smash or Pass?,Rizz it Like Rainsford,0.67475,0.27625,0.049,23.924,20.286
2023 Semester 2 Social Sports - Netball - Tuesday Netball - Division 1,Smash or Pass?,Judds Spuds,0.6805,0.26725,0.05225,19.714,16.149
2023 Semester 2 Social Sports - Netball - Tuesday Netball - Division 1,Smash or Pass?,Smash or Pass?,0.4685,0.474,0.0575,25.59275,25.63975
2023 Semester 2 Social Sports - Netball - Tuesday Netball - Division 1,Smash or Pass?,Hoops!... I did it again.,0.42075,0.517,0.06225,19.4085,20.1225
2023 Semester 2 Social Sports - Netball - Tuesday Netball - Division 1,Hoops!... I did it again.,Albanians & Tobey,0.295,0.6555,0.0495,15.8825,18.93
2023 Semester 2 Social Sports - Netball - Tuesday Netball - Division 1,Hoops!... I did it again.,nads,0.9605,0.028,0.0115,17.96725,8.01425
2023 Semester 2 Social Sports - Netball - Tuesday Netball - Division 1,Hoops!... I did it again.,Rizz it Like Rainsford,0.68875,0.25525,0.056,19.022,15.4645
2023 Semester 2 Social Sports - Netball - Tuesday Netball - Division 1,Hoops!... I did it again.,Judds Spuds,0.689,0.255,0.056,15.6705,12.3105
2023 Semester 2 Social Sports - Netball - Tuesday Netball - Division 1,Hoops!... I did it again.,Smash or Pass?,0.52425,0.421,0.05475,20.26275,19.426
2023 Semester 2 Social Sports - Netball - Tuesday Netball - Division 1,Hoops!... I did it again.,Hoops!... I did it again.,0.45825,0.47025,0.0715,15.348,15.41525
